"doi_no","doi","record_index","start_line","end_line"
1,"10.1016/j.fcr.2025.110217","14; 17","680; 824","719; 870"
175,"10.1086/738433","46; 76357","2338; 4038233","2399; 4038294"
2,"10.1080/00103624.2025.2557388","129; 2639","6690; 139992","6734; 140037"
470,"10.1086/738638","188; 76677","9723; 4054954","9776; 4055007"
633,"10.1007/s11368-025-04184-7","270; 76865","14033; 4064761","14085; 4064813"
178,"10.1002/ldr.70311","271; 76360","14086; 4038385","14127; 4038426"
600,"10.1007/s11104-025-08108-9","272; 76823","14128; 4062557","14164; 4062593"
442,"10.1007/s11104-025-08113-y","273; 76648","14165; 4053435","14208; 4053478"
292,"10.1007/s12374-025-09496-2","275; 76489","14263; 4044956","14310; 4045003"
313,"10.1111/nph.70720","276; 76511","14311; 4046119","14355; 4046163"
231,"10.1007/s11104-025-08030-0","278; 76423","14406; 4041634","14457; 4041685"
239,"10.1007/s11104-025-08054-6","279; 76431","14458; 4042014","14514; 4042070"
615,"10.1002/tax.70082","280; 76840","14515; 4063461","14557; 4063503"
628,"10.1128/msystems.01269-25","283; 76860","14671; 4064488","14728; 4064545"
670,"10.1093/nar/gkaf1083","284; 76909","14729; 4067021","14772; 4067064"
103,"10.1111/1365-2435.70221","285; 76278","14773; 4033918","14829; 4033974"
684,"10.1111/1365-2745.70188","286; 76925","14830; 4067874","14871; 4067915"
142,"10.1007/s42729-025-02800-6","287; 76323","14872; 4036436","14921; 4036485"
457,"10.1111/een.70043","288; 76664","14922; 4054254","14970; 4054302"
198,"10.1128/spectrum.03016-24","290; 76385","15027; 4039701","15072; 4039746"
573,"10.1002/ps.70374","293; 76793","15195; 4060993","15236; 4061034"
433,"10.1007/s00344-025-11954-7","294; 76638","15237; 4052838","15283; 4052884"
240,"10.1007/s11104-025-08016-y","295; 76432","15284; 4042071","15332; 4042119"
662,"10.2989/10220119.2025.2527194","298; 76899","15456; 4066492","15498; 4066534"
293,"10.1093/etojnl/vgaf252","300; 76490","15554; 4045004","15608; 4045058"
593,"10.1007/s13199-025-01095-6","301; 76815","15609; 4062116","15658; 4062165"
140,"10.1002/oik.11718","312; 76321","16164; 4036345","16207; 4036388"
106,"10.1111/afe.70021","313; 76281","16208; 4034069","16261; 4034122"
148,"10.1007/s42729-025-02814-0","315; 76329","16323; 4036732","16366; 4036775"
562,"10.1128/spectrum.01155-25","316; 76781","16367; 4060375","16410; 4060418"
349,"10.1002/oik.11341","317; 76549","16411; 4048096","16461; 4048146"
460,"10.1002/oik.11578","318; 76667","16462; 4054429","16519; 4054486"
540,"10.1007/s11104-025-08075-1","319; 76754","16520; 4058870","16575; 4058925"
393,"10.1007/s11104-025-07966-7","320; 76596","16576; 4050624","16623; 4050671"
518,"10.1111/rec.70256","321; 76730","16624; 4057700","16687; 4057763"
653,"10.1080/07060661.2025.2576747","322; 76888","16688; 4065933","16738; 4065983"
323,"10.1007/s11104-025-08081-3","323; 76521","16739; 4046623","16793; 4046677"
302,"10.1007/s11104-025-08053-7","324; 76500","16794; 4045551","16836; 4045593"
551,"10.1093/ee/nvaf115","326; 76768","16898; 4059630","16945; 4059677"
646,"10.1007/s42161-025-02028-4","328; 76880","17007; 4065509","17074; 4065576"
588,"10.15244/pjoes/208256","330; 76810","17132; 4061850","17171; 4061889"
246,"10.1007/s11368-025-04168-7","332; 76438","17227; 4042384","17288; 4042445"
530,"10.1007/s11756-025-02050-y","333; 76744","17289; 4058389","17334; 4058434"
415,"10.1007/s42729-025-02824-y","337; 76620","17519; 4051904","17572; 4051957"
113,"10.1128/aem.01399-25","340; 76288","17658; 4034446","17711; 4034499"
318,"10.1111/1365-2435.70157","341; 76516","17712; 4046350","17774; 4046412"
356,"10.1007/s00344-025-11953-8","344; 76557","17859; 4048543","17895; 4048579"
163,"10.1007/s12649-025-03377-y","345; 76344","17896; 4037497","17947; 4037548"
272,"10.1007/s42729-025-02807-z","353; 76469","18291; 4043968","18342; 4044019"
472,"10.1007/s42729-025-02790-5","356; 76680","18441; 4055107","18493; 4055159"
376,"10.1002/ps.70357","357; 76578","18494; 4049677","18537; 4049720"
674,"10.1128/aem.01251-25","358; 76913","18538; 4067199","18574; 4067235"
248,"10.1007/s11368-025-04182-9","359; 76440","18575; 4042550","18629; 4042604"
179,"10.1038/s41477-025-02147-x","360; 76361","18630; 4038427","18708; 4038505"
680,"10.1111/ppa.70092","362; 76919","18767; 4067502","18815; 4067550"
444,"10.1128/msystems.00285-25","374; 76650","19449; 4053529","19499; 4053579"
644,"10.1111/rec.70246","375; 76878","19500; 4065401","19551; 4065452"
208,"10.1080/19315260.2025.2577824","376; 76397","19552; 4040302","19602; 4040352"
342,"10.1007/s11104-025-08019-9","377; 76542","19603; 4047693","19648; 4047738"
590,"10.1007/s11104-025-07904-7","378; 76812","19649; 4061941","19699; 4061991"
368,"10.1007/s11104-025-08066-2","385; 76570","20009; 4049250","20061; 4049302"
603,"10.1007/s11104-025-08043-9","389; 76826","20218; 4062708","20267; 4062757"
679,"10.1002/aps3.70029","390; 76918","20268; 4067455","20314; 4067501"
247,"10.1111/1365-2745.70189","391; 76439","20315; 4042446","20418; 4042549"
686,"10.1094/MPMI-03-25-0032-R","393; 76927","20477; 4067968","20600; 4068091"
607,"10.1094/MPMI-05-25-0064-R","394; 76831","20601; 4062969","20650; 4063018"
554,"10.1111/een.70040","403; 76771","21065; 4059790","21114; 4059839"
102,"10.1002/oik.11751","408; 76277","21355; 4033821","21450; 4033917"
176,"10.1007/s00374-025-01961-x","411; 76358","21541; 4038295","21588; 4038342"
642,"10.1111/1365-2664.70187","413; 76876","21655; 4065309","21710; 4065364"
110,"10.1007/s11104-025-07927-0","416; 76285","21817; 4034277","21881; 4034341"
477,"10.1007/s00049-025-00429-6","429; 76686","22501; 4055412","22557; 4055468"
151,"10.1007/s11104-025-07962-x","430; 76332","22558; 4036867","22618; 4036927"
133,"10.1111/1365-2745.70187","439; 76311","23011; 4035721","23064; 4035774"
138,"10.1128/spectrum.00295-25","440; 76318","23065; 4036184","23125; 4036244"
367,"10.1007/s12010-025-05445-4","442; 76569","23169; 4049199","23219; 4049249"
168,"10.1007/s10811-025-03686-8","443; 76349","23220; 4037797","23283; 4037860"
12,"10.1007/s00040-025-01026-0","456; 46751; 76453","23940; 2548383; 4043206","23983; 2548422; 4043245"
495,"10.1080/10826068.2025.2577388","478; 76704","25153; 4056383","25191; 4056421"
525,"10.1007/s11104-025-08035-9","480; 76739","25246; 4058157","25297; 4058208"
192,"10.1007/s11104-025-08062-6","481; 76377","25298; 4039288","25353; 4039343"
391,"10.1007/s11104-025-08039-5","598; 76594","31422; 4050520","31473; 4050571"
298,"10.1007/s00374-025-01959-5","601; 76495","31571; 4045266","31625; 4045320"
608,"10.1094/PHYTOFR-03-25-0022-R","609; 76832","31984; 4063019","32032; 4063067"
250,"10.1111/1365-2745.70186","612; 76442","32148; 4042653","32203; 4042708"
195,"10.1002/ldr.70275","613; 76380","32204; 4039461","32251; 4039508"
322,"10.1007/s11368-025-04165-w","615; 76520","32301; 4046578","32345; 4046622"
664,"10.1111/pce.70250","616; 76901","32346; 4066598","32400; 4066652"
111,"10.1111/1755-0998.70064","617; 76286","32401; 4034342","32454; 4034395"
265,"10.1007/s11104-025-08025-x","618; 76461","32455; 4043572","32507; 4043624"
228,"10.1093/aesa/saaf037","629; 76420","33026; 4041471","33074; 4041519"
585,"10.1094/PBIOMES-01-25-0004-R","630; 76807","33075; 4061692","33134; 4061751"
672,"10.1007/s10750-025-06037-3","632; 76911","33187; 4067096","33234; 4067143"
546,"10.1007/s11104-025-08027-9","633; 76762","33235; 4059300","33289; 4059354"
441,"10.1111/1365-2664.70198","644; 76646","33774; 4053250","33825; 4053301"
249,"10.1002/ldr.70262","645; 76441","33826; 4042605","33873; 4042652"
392,"10.1111/1365-2664.70202","661; 76595","34634; 4050572","34685; 4050623"
220,"10.1002/ldr.70269","662; 76411","34686; 4041023","34729; 4041066"
563,"10.1002/jobm.70119","664; 76783","34780; 4060459","34819; 4060498"
675,"10.1021/acs.jnatprod.5c00970","665; 76914","34820; 4067236","34875; 4067291"
381,"10.1093/etojnl/vgaf244","671; 76584","35125; 4049969","35182; 4050026"
469,"10.1111/1365-2435.70203","672; 76676","35183; 4054910","35226; 4054953"
617,"10.1007/s11104-025-07975-6","690; 76842","36121; 4063552","36181; 4063612"
406,"10.1111/1755-0998.70067","692; 76610","36239; 4051359","36284; 4051404"
259,"10.1007/s42729-025-02785-2","693; 76454","36285; 4043246","36330; 4043291"
594,"10.1111/plb.70120","704; 76816","36864; 4062166","36914; 4062216"
420,"10.1007/s42729-025-02721-4","705; 76625","36915; 4052166","36962; 4052213"
134,"10.1007/s11104-025-08020-2","708; 76312","37069; 4035775","37121; 4035827"
377,"10.1007/s11104-025-07926-1","711; 76579","37222; 4049721","37284; 4049783"
503,"10.1007/s00374-025-01953-x","722; 76713","37812; 4056830","37862; 4056880"
678,"10.1080/01490451.2025.2573817","723; 76917","37863; 4067404","37913; 4067454"
132,"10.1111/icad.70028","727; 76310","38085; 4035676","38129; 4035720"
601,"10.1007/s11104-025-07985-4","760; 76824","39714; 4062594","39774; 4062654"
285,"10.1007/s00374-025-01955-9","761; 76482","39775; 4044605","39830; 4044660"
143,"10.1111/nph.70682","762; 76324","39831; 4036486","39880; 4036535"
538,"10.1007/s12649-025-03352-7","763; 76752","39881; 4058786","39925; 4058830"
532,"10.1080/10549811.2025.2574018","775; 76746","40461; 4058485","40506; 4058530"
345,"10.1002/oik.11758","776; 76545","40507; 4047860","40575; 4047928"
222,"10.1007/s11104-025-07865-x","777; 76414","40576; 4041179","40630; 4041233"
380,"10.1007/s42729-025-02780-7","778; 76583","40631; 4049920","40679; 4049968"
534,"10.1002/ldr.70258","781; 76748","40785; 4058583","40841; 4058639"
226,"10.1007/s44392-025-00054-9","790; 76418","41283; 4041381","41323; 4041421"
440,"10.1080/10549811.2025.2574013","791; 76645","41324; 4053201","41372; 4053249"
167,"10.1007/s11104-025-07920-7","792; 76348","41373; 4037751","41418; 4037796"
370,"10.1007/s00374-025-01940-2","793; 76572","41419; 4049363","41481; 4049425"
124,"10.1080/15226514.2025.2572305","806; 76301","42119; 4035186","42162; 4035229"
640,"10.17221/116)/2025-PPS","807; 76873","42163; 4065167","42208; 4065212"
490,"10.1007/s11104-025-07924-3","809; 76699","42272; 4056125","42327; 4056180"
264,"10.1111/1365-2656.70161","823; 76460","43004; 4043536","43039; 4043571"
360,"10.1111/pce.70243","827; 76561","43179; 4048725","43235; 4048781"
474,"10.1007/s10123-025-00730-y","829; 76682","43286; 4055218","43334; 4055266"
362,"10.1094/PBIOMES-01-25-0005-R","830; 76563","43335; 4048833","43380; 4048878"
282,"10.1007/s11104-025-07987-2","831; 76479","43381; 4044458","43427; 4044504"
521,"10.1007/s11104-025-07826-4","832; 76733","43428; 4057859","43474; 4057905"
107,"10.1111/rec.70223","834; 76282","43520; 4034123","43567; 4034170"
548,"10.1002/ajb2.70114","842; 76765","43950; 4059461","43994; 4059505"
128,"10.1111/1365-2435.70191","843; 76306","43995; 4035442","44063; 4035510"
489,"10.1007/s10750-025-06017-7","844; 76698","44064; 4056081","44107; 4056124"
193,"10.1007/s42729-025-02747-8","845; 76378","44108; 4039344","44168; 4039404"
620,"10.1007/s42770-025-01792-w","891; 76849","46568; 4063924","46620; 4063976"
483,"10.1080/01490451.2025.2573813","893; 76692","46671; 4055789","46706; 4055824"
350,"10.1007/s11104-025-07986-3","895; 76550","46766; 4048147","46816; 4048197"
448,"10.1111/jbi.70064","906; 76655","47344; 4053780","47395; 4053831"
255,"10.1007/s42729-025-02764-7","907; 76449","47396; 4043002","47445; 4043051"
574,"10.1007/s11104-025-07844-2","908; 76794","47446; 4061035","47494; 4061083"
408,"10.1007/s11104-025-07734-7","910; 76612","47557; 4051460","47618; 4051521"
184,"10.1007/s11104-025-07979-2","911; 76368","47619; 4038819","47675; 4038875"
261,"10.1007/s11368-025-04139-y","912; 76457","47676; 4043384","47728; 4043436"
436,"10.1128/msphere.00348-25","913; 76641","47729; 4053019","47774; 4053064"
462,"10.1002/ldr.70227","921; 76669","48129; 4054528","48172; 4054571"
648,"10.1007/s11104-025-07982-7","922; 76882","48173; 4065643","48218; 4065688"
652,"10.1111/nph.70588","923; 76887","48219; 4065885","48266; 4065932"
537,"10.1093/etojnl/vgaf239","924; 76751","48267; 4058737","48315; 4058785"
396,"10.1007/s11104-025-07956-9","931; 76599","48619; 4050790","48671; 4050842"
121,"10.1111/jen.70024","933; 76298","48711; 4035032","48757; 4035078"
369,"10.1007/s11104-025-07913-6","944; 76571","49276; 4049303","49335; 4049362"
355,"10.1007/s11104-025-07905-6","945; 76555","49336; 4048425","49383; 4048472"
520,"10.1007/s11104-025-07918-1","948; 76732","49502; 4057807","49553; 4057858"
527,"10.22207/JPAM.19.4.08","949; 76741","49554; 4058244","49592; 4058282"
506,"10.1007/s00374-025-01950-0","966; 76716","50468; 4056997","50515; 4057044"
210,"10.1111/1365-2435.70190","988; 76399","51591; 4040402","51655; 4040466"
241,"10.1111/nph.70592","989; 76433","51656; 4042120","51718; 4042182"
502,"10.1007/s11104-025-07940-3","990; 76712","51719; 4056775","51773; 4056829"
214,"10.1080/10889868.2024.2381022","1006; 76405","52580; 4040723","52632; 4040775"
493,"10.1007/s00344-024-11373-0","1365; 76702","71820; 4056287","71866; 4056333"
145,"10.1007/s11104-024-06786-5","1480; 76326","78091; 4036585","78140; 4036634"
363,"10.1111/ecog.07144","1530; 76564","80871; 4048879","80925; 4048933"
581,"10.1007/s40502-024-00794-4","1589; 76802","84002; 4061440","84044; 4061482"
494,"10.1080/10889868.2024.2362350","1730; 76703","91862; 4056334","91910; 4056382"
243,"10.1002/jpln.70032","2005; 76435","106532; 4042242","106593; 4042303"
197,"10.1007/s11368-025-04154-z","2006; 76383","106594; 4039606","106648; 4039660"
486,"10.1007/s10658-025-03126-w","2008; 76695","106692; 4055927","106740; 4055975"
108,"10.1007/s11104-025-07864-y","2009; 76283","106741; 4034171","106793; 4034223"
681,"10.1007/s11104-025-07955-w","2010; 76920","106794; 4067551","106848; 4067605"
256,"10.1111/plb.70117","2031; 76450","107860; 4043052","107909; 4043101"
202,"10.1007/s11104-025-07971-w","2032; 76389","107910; 4039907","107960; 4039957"
424,"10.1002/jobm.70110","2035; 76629","108082; 4052344","108126; 4052388"
136,"10.1111/nph.70606","2063; 76316","109548; 4036004","109661; 4036117"
385,"10.1007/s40003-025-00899-8","2073; 76588","110123; 4050201","110169; 4050247"
471,"10.1007/s42729-025-02733-0","2075; 76679","110235; 4055056","110285; 4055106"
459,"10.1007/s13225-025-00562-1","2090; 76666","110987; 4054358","111057; 4054428"
99,"10.1016/j.dib.2025.111966","2112; 76274","112177; 4033691","112214; 4033728"
190,"10.1007/s11769-025-1562-x","2145; 76375","114159; 4039167","114221; 4039229"
280,"10.1002/ldr.70226","2155; 76477","114641; 4044360","114688; 4044407"
146,"10.1007/s11104-025-07907-4","2156; 76327","114689; 4036635","114741; 4036687"
624,"10.1111/nph.70617","2269; 76853","120771; 4064143","120824; 4064196"
215,"10.1080/1065657X.2025.2567534","2272; 76406","120934; 4040776","120965; 4040807"
187,"10.15244/pjoes/207658","2285; 76371","121628; 4038984","121666; 4039022"
238,"10.1002/ldr.70215","2288; 76430","121763; 4041967","121809; 4042013"
161,"10.1002/ldr.70224","2289; 76342","121810; 4037403","121851; 4037444"
399,"10.1111/1365-2435.70182","2295; 76603","122113; 4050988","122184; 4051059"
339,"10.1002/jsfa.70198","2296; 76538","122185; 4047492","122229; 4047536"
583,"10.1002/ps.70236","2297; 76804","122230; 4061528","122286; 4061584"
289,"10.15666/aeer/2306_1100911019","2304; 76486","122618; 4044816","122661; 4044859"
451,"10.1002/oik.11254","2327; 76658","123760; 4053926","123829; 4053995"
580,"10.1111/afe.70003","2330; 76801","123951; 4061393","123997; 4061439"
497,"10.1111/pce.70205","2331; 76706","123998; 4056481","124049; 4056532"
230,"10.1007/s11104-025-07853-1","2332; 76422","124050; 4041576","124107; 4041633"
275,"10.15244/pjoes/207056","2343; 76472","124600; 4044123","124643; 4044166"
541,"10.1094/PBIOMES-04-25-0027-R","2348; 76756","124818; 4058978","124862; 4059022"
427,"10.1002/jpln.70027","2352; 76632","125046; 4052488","125082; 4052524"
120,"10.1007/s11104-025-07858-w","2354; 76297","125143; 4034984","125190; 4035031"
539,"10.1007/s00344-025-11884-4","2355; 76753","125191; 4058831","125229; 4058869"
614,"10.1080/15226514.2025.2563132","2374; 76839","126188; 4063416","126232; 4063460"
446,"10.1007/s12223-025-01311-2","2377; 76652","126319; 4053642","126357; 4053680"
610,"10.1111/pce.70197","2392; 76834","127079; 4063131","127132; 4063184"
225,"10.1002/ldr.70204","2397; 76417","127367; 4041324","127423; 4041380"
517,"10.1007/s11104-025-07892-8","2398; 76729","127424; 4057650","127473; 4057699"
126,"10.1007/s11104-025-07919-0","2399; 76304","127474; 4035333","127526; 4035385"
173,"10.1111/pce.70202","2400; 76355","127527; 4038128","127580; 4038181"
335,"10.1007/s12223-025-01341-w","2401; 76534","127581; 4047300","127621; 4047340"
461,"10.1007/s11104-025-07895-5","2405; 76668","127801; 4054487","127841; 4054527"
156,"10.1002/ecog.07980","2420; 76337","128524; 4037116","128597; 4037189"
515,"10.1002/ldr.70203","2423; 76727","128709; 4057542","128769; 4057602"
203,"10.1007/s11104-025-07783-y","2424; 76390","128770; 4039958","128832; 4040020"
182,"10.1007/s11104-025-07910-9","2425; 76366","128833; 4038717","128888; 4038772"
405,"10.1111/rec.70205","2428; 76609","128991; 4051311","129038; 4051358"
559,"10.1002/ldr.70216","2429; 76778","129039; 4060179","129111; 4060251"
262,"10.1002/ps.70188","2431; 76458","129168; 4043437","129216; 4043485"
217,"10.1111/nph.70563","2440; 76408","129623; 4040850","129688; 4040915"
196,"10.1007/s11769-025-1557-7","2462; 76381","130760; 4039509","130808; 4039557"
219,"10.1007/s11104-025-07866-w","2468; 76410","131086; 4040969","131139; 4041022"
276,"10.1002/ldr.70212","2478; 76473","131577; 4044167","131624; 4044214"
473,"10.1002/advs.202510066","2479; 76681","131625; 4055160","131682; 4055217"
418,"10.1002/ps.70225","2485; 76623","131959; 4052057","132009; 4052107"
221,"10.1007/s12649-025-03320-1","2486; 76412","132010; 4041067","132070; 4041127"
382,"10.1007/s11104-025-07868-8","2488; 76585","132118; 4050027","132166; 4050075"
612,"10.1093/jxb/eraf336","2503; 76836","132870; 4063247","132928; 4063305"
421,"10.1080/01490451.2025.2559806","2507; 76626","133082; 4052214","133114; 4052246"
591,"10.1007/s11104-025-07878-6","2509; 76813","133171; 4061992","133235; 4062056"
552,"10.1021/acsestengg.5c00583","2518; 76769","133629; 4059678","133690; 4059739"
244,"10.1007/s12223-025-01316-x","2521; 76436","133809; 4042304","133849; 4042344"
154,"10.1007/s42729-025-02692-6","2524; 76335","133956; 4037019","134009; 4037072"
438,"10.1093/jee/toaf217","2537; 76643","134611; 4053116","134653; 4053158"
423,"10.1002/jsfa.70193","2542; 76628","134878; 4052295","134926; 4052343"
324,"10.1002/ldr.70206","2543; 76522","134927; 4046678","134986; 4046737"
162,"10.1111/een.70015","2546; 76343","135097; 4037445","135148; 4037496"
268,"10.1007/s11104-025-07861-1","2552; 76464","135404; 4043715","135459; 4043770"
271,"10.1007/s11104-025-07870-0","2580; 76468","136885; 4043923","136929; 4043967"
279,"10.1111/aab.70058","2581; 76476","136930; 4044318","136971; 4044359"
336,"10.1007/s11104-025-07796-7","2603; 76535","138103; 4047341","138153; 4047391"
632,"10.1038/s41587-025-02810-w","2606; 76864","138271; 4064720","138311; 4064760"
496,"10.1002/ldr.70132","2622; 76705","139072; 4056422","139130; 4056480"
606,"10.1007/s10725-025-01390-8","2623; 76830","139131; 4062903","139196; 4062968"
270,"10.1080/01490451.2025.2557308","2624; 76466","139197; 4043824","139249; 4043876"
528,"10.1007/s11104-025-07856-y","2625; 76742","139250; 4058283","139300; 4058333"
595,"10.1007/s41748-025-00791-z","2646; 76817","140328; 4062217","140418; 4062307"
519,"10.1007/s42729-025-02703-6","2658; 76731","140979; 4057764","141021; 4057806"
260,"10.1007/s11104-025-07850-4","2659; 76456","141022; 4043340","141065; 4043383"
549,"10.1093/inteam/vjaf102","2666; 76766","141409; 4059506","141479; 4059576"
223,"10.1007/s11104-025-07847-z","2667; 76415","141480; 4041234","141525; 4041279"
204,"10.1007/s11104-025-07839-z","2669; 76391","141578; 4040021","141627; 4040070"
294,"10.1093/aob/mcaf175","2679; 76491","142168; 4045059","142227; 4045118"
429,"10.1002/ppp3.70096","2680; 76634","142228; 4052572","142339; 4052683"
414,"10.1007/s11104-025-07849-x","2685; 76618","142543; 4051785","142603; 4051845"
666,"10.1007/s11104-025-07855-z","2701; 76904","143388; 4066737","143455; 4066804"
194,"10.1007/s11104-025-07827-3","2702; 76379","143456; 4039405","143511; 4039460"
201,"10.1007/s11104-025-07842-4","2718; 76388","144240; 4039859","144287; 4039906"
254,"10.1007/s11104-025-07663-5","2719; 76448","144288; 4042953","144336; 4043001"
658,"10.1002/ajb2.70093","2741; 76895","145421; 4066317","145473; 4066369"
649,"10.1007/s10123-025-00708-w","2742; 76883","145474; 4065689","145523; 4065738"
411,"10.1007/s10811-025-03627-5","2745; 76615","145689; 4051628","145750; 4051689"
237,"10.22207/JPAM.19.3.462025","2755; 76429","146193; 4041924","146235; 4041966"
523,"10.22207/JPAM.19.3.44","2757; 76736","146289; 4058008","146337; 4058056"
589,"10.1002/ps.70193","2758; 76811","146338; 4061890","146388; 4061940"
109,"10.1007/s11104-025-07828-2","2760; 76284","146434; 4034224","146486; 4034276"
669,"10.1093/aob/mcaf180","2777; 76908","147364; 4066952","147432; 4067020"
229,"10.1007/s11104-025-07836-2","2780; 76421","147554; 4041520","147609; 4041575"
661,"10.1093/aob/mcaf185","2781; 76898","147610; 4066444","147657; 4066491"
386,"10.1002/ird.70028","2782; 76589","147658; 4050248","147711; 4050301"
306,"10.1007/s42729-025-02688-2","2783; 76504","147712; 4045757","147749; 4045794"
91,"10.1002/ecy.70219","2798; 76266","148423; 4033257","148544; 4033378"
605,"10.1080/01490451.2025.2553548","2849; 76829","151168; 4062841","151229; 4062902"
153,"10.1007/s11104-025-07781-0","2851; 76334","151308; 4036981","151345; 4037018"
11,"10.1111/aab.70005","2857; 46082; 76755","151595; 2512111; 4058926","151649; 2512162; 4058977"
149,"10.1007/s10668-025-06579-5","2985; 76330","158322; 4036776","158363; 4036817"
466,"10.1007/s10811-025-03640-8","2995; 76673","158883; 4054752","158935; 4054804"
389,"10.1007/s11104-025-07759-y","2997; 76592","158996; 4050409","159058; 4050471"
273,"10.1007/s10533-024-01144-0","3480; 76470","185725; 4044020","185774; 4044069"
643,"10.1080/01490451.2024.2335941","3618; 76877","193403; 4065365","193438; 4065400"
577,"10.1080/01490451.2024.2343858","3619; 76798","193439; 4061245","193487; 4061293"
655,"10.1017/S0954102024000087","3631; 76890","194073; 4066033","194148; 4066108"
127,"10.1007/s11104-024-06646-2","3714; 76305","198627; 4035386","198682; 4035441"
512,"10.1139/cjfr-2023-0088","4049; 76724","217208; 4057408","217250; 4057450"
572,"10.1007/s11104-024-06552-7","4193; 76792","225403; 4060926","225469; 4060992"
139,"10.1007/s11356-024-32536-2","4194; 76319","225470; 4036245","225521; 4036296"
212,"10.1007/s11356-024-32851-8","4221; 76401","227032; 4040517","227092; 4040577"
267,"10.1007/s00442-024-05524-z","4243; 76463","228211; 4043667","228258; 4043714"
507,"10.1007/s11104-024-06597-8","4332; 76717","233179; 4057045","233230; 4057096"
676,"10.1007/s11104-024-06595-w","4333; 76915","233231; 4067292","233288; 4067349"
314,"10.1007/s11104-024-06585-y","4347; 76512","233960; 4046164","234004; 4046208"
327,"10.1007/s40333-024-0008-0","4367; 76525","235018; 4046850","235068; 4046900"
455,"10.1007/s11356-024-32579-5","4589; 76662","246903; 4054151","246962; 4054210"
304,"10.1007/s11356-024-32578-6","4592; 76502","247076; 4045644","247139; 4045707"
375,"10.1007/s11368-023-03711-8","4609; 76577","247985; 4049632","248029; 4049676"
141,"10.1007/s11356-024-32399-7","4648; 76322","250080; 4036389","250126; 4036435"
567,"10.1111/ecog.07048","4784; 76787","257649; 4060653","257710; 4060714"
428,"10.1007/s11356-024-32223-2","4785; 76633","257711; 4052525","257757; 4052571"
480,"10.1007/s11356-024-32145-z","4870; 76689","262536; 4055577","262642; 4055683"
665,"10.1007/s11356-024-32290-5","4905; 76902","264521; 4066653","264573; 4066705"
338,"10.1007/s11368-024-03738-5","4909; 76537","264750; 4047452","264789; 4047491"
18,"10.3897/BDJ.12.e106199","4947; 76193","266813; 4027897","266946; 4028032"
430,"10.1080/23818107.2023.2301608","5129; 76635","276412; 4052684","276468; 4052740"
409,"10.1007/s00442-023-05506-7","5165; 76613","278337; 4051522","278395; 4051580"
39,"10.1038/s41597-023-02899-1","5492; 76214","296581; 4030416","296655; 4030490"
27,"10.1038/s41597-023-02784-x","5499; 76202","297002; 4028536","297433; 4028967"
3,"THE EFFECT OF HISTORICAL POLLUTION ON MICROBIAL FUNCTIONAL KINETICS IN BIOREMEDIATED SOILS FROM BAIA MARE|2024","5576; 5577","301408; 301443","301442; 301477"
46,"10.1016/j.dib.2023.109951","6060; 76221","326818; 4030778","326854; 4030814"
165,"10.1007/s00267-023-01917-7","6093; 76346","328591; 4037603","328672; 4037684"
33,"10.1016/j.dib.2023.109849","6143; 76208","331606; 4029192","331645; 4029231"
4,"10.1128/spectrum.03236-23","6437; 6994","347594; 378044","347651; 378102"
44,"10.1016/j.dib.2023.109827","6515; 76219","351801; 4030687","351851; 4030737"
183,"10.1007/s10342-023-01632-2","6522; 76367","352193; 4038773","352238; 4038818"
64,"10.1016/j.dib.2023.109776","6624; 76239","357696; 4031991","357740; 4032035"
32,"10.1016/j.dib.2023.109791","6629; 76207","357972; 4029153","358010; 4029191"
682,"10.1093/forestry/cpad047","6738; 76922","364141; 4067649","364282; 4067790"
373,"10.1007/s11356-023-30383-1","7035; 76575","380435; 4049528","380483; 4049576"
331,"10.1007/s42729-023-01341-0","7133; 76530","385945; 4047093","385988; 4047136"
524,"10.1109/MGRS.2023.3315520","7197; 76737","389522; 4058057","389569; 4058104"
5,"10.37427/botcro-2023-010","7365; 7366","398644; 398689","398688; 398733"
73,"10.1016/j.dib.2023.109607","7416; 76248","401355; 4032412","401401; 4032458"
263,"10.1007/s11104-023-06302-1","7448; 76459","403142; 4043486","403191; 4043535"
516,"10.17221/223/2023","7496; 76728","405694; 4057603","405740; 4057649"
569,"10.1007/s11356-023-29744-7","7616; 76789","412492; 4060771","412547; 4060826"
631,"10.1080/23818107.2023.2248235","7696; 76863","416915; 4064656","416978; 4064719"
544,"10.1080/09583157.2023.2245985","7728; 76759","418795; 4059147","418842; 4059194"
169,"10.1002/ldr.4894","7820; 76350","423706; 4037861","423774; 4037929"
353,"10.1002/ldr.4883","7924; 76553","429273; 4048311","429331; 4048369"
667,"10.1007/s10482-023-01854-9","7947; 76906","430588; 4066856","430633; 4066901"
576,"10.1007/s10531-023-02700-0","7948; 76797","430634; 4061181","430697; 4061244"
636,"10.1038/s41429-023-00647-6","8015; 76868","434418; 4064928","434462; 4064972"
657,"10.1111/jph.13212","8192; 76894","444104; 4066265","444155; 4066316"
476,"10.1007/s42729-023-01394-1","8371; 76685","453521; 4055366","453566; 4055411"
177,"10.1007/s10493-023-00821-3","8373; 76359","453622; 4038343","453663; 4038384"
288,"10.1111/gcb.16861","8567; 76485","464337; 4044764","464388; 4044815"
467,"10.1007/s13399-023-04582-2","8590; 76674","465604; 4054805","465654; 4054855"
677,"10.1007/s10341-023-00918-4","8804; 76916","477364; 4067350","477417; 4067403"
645,"10.1111/1365-2664.14443","8827; 76879","478622; 4065453","478677; 4065508"
300,"10.1111/gcb.16814","8937; 76497","484787; 4045372","484838; 4045423"
104,"10.1007/s10530-023-03108-1","8965; 76279","486235; 4033975","486279; 4034019"
659,"10.1038/s41429-023-00633-y","9057; 76896","491410; 4066370","491450; 4066410"
93,"10.1016/j.dib.2023.109286","9124; 76268","495167; 4033415","495208; 4033456"
253,"10.1094/PBIOMES-12-22-0105","9456; 76446","513538; 4042856","513583; 4042901"
651,"10.1038/s41429-023-00627-w","9477; 76886","514696; 4065837","514743; 4065884"
587,"10.1111/aec.13347","9576; 76809","520132; 4061799","520182; 4061849"
609,"10.1007/s40858-023-00582-9","9603; 76833","521651; 4063068","521713; 4063130"
207,"10.1086/724224","9801; 76396","532629; 4040258","532672; 4040301"
639,"10.1007/s11676-023-01609-2","9967; 76872","541713; 4065122","541757; 4065166"
95,"10.5194/essd-15-1655-2023","10007; 76270","543867; 4033495","543911; 4033539"
685,"10.1094/PHYTO-11-22-0411","10342; 76926","561899; 4067916","561950; 4067967"
498,"10.1007/s10668-023-03130-2","10498; 76707","570596; 4056533","570646; 4056583"
556,"10.1002/etc.5577","10521; 76773","571892; 4059893","571958; 4059959"
23,"10.1186/s43170-023-00146-6","10555; 76198","573795; 4028298","573899; 4028402"
514,"10.1007/s40995-023-01431-9","10610; 76726","576855; 4057502","576894; 4057541"
326,"10.1007/s11104-023-05973-0","10632; 76524","578068; 4046795","578122; 4046849"
432,"10.1086/722569","10784; 76637","586337; 4052783","586391; 4052837"
277,"10.1086/724015","10850; 76474","589789; 4044215","589846; 4044272"
529,"10.1094/PBIOMES-09-22-0060-R","10872; 76743","590960; 4058334","591014; 4058388"
533,"10.1021/acs.est.2c08855","10948; 76747","595158; 4058531","595209; 4058582"
452,"10.1021/acsomega.2c06665","11151; 76659","606238; 4053996","606285; 4054043"
7,"10.1111/gcb.16540","11361; 12559; 76364","617800; 683479; 4038615","617848; 683524; 4038660"
555,"10.1139/cjm-2022-0181","11487; 76772","624813; 4059840","624865; 4059892"
387,"10.1093/jambio/lxac084","11543; 76590","627905; 4050302","627957; 4050354"
115,"10.1007/s11676-022-01581-3","11547; 76291","628129; 4034623","628175; 4034669"
334,"10.1093/jambio/lxad006","11566; 76533","629071; 4047240","629130; 4047299"
575,"10.1139/cjfas-2022-0127","11618; 76796","631970; 4061127","632023; 4061180"
656,"10.1111/1365-2745.14049","11622; 76892","632198; 4066162","632247; 4066211"
325,"10.1007/s00253-023-12363-0","11637; 76523","633015; 4046738","633071; 4046794"
561,"10.1093/jambio/lxac070","12333; 76780","670926; 4060325","670975; 4060374"
70,"10.1016/j.dib.2022.108805","12350; 76245","671853; 4032283","671895; 4032325"
252,"10.1080/09593330.2022.2154172","12430; 76444","676422; 4042759","676468; 4042805"
105,"10.1111/1365-2745.14053","12438; 76280","676823; 4034020","676871; 4034068"
199,"10.1111/1365-2745.14051","12462; 76386","678149; 4039747","678214; 4039812"
6,"10.1016/j.indcrop.2022.116037","12489; 12490","679657; 679709","679708; 679760"
100,"10.1016/j.dib.2022.108614","12530; 76275","681824; 4033729","681861; 4033766"
152,"10.1111/1365-2745.14040","12692; 76333","690474; 4036928","690526; 4036980"
9,"10.22207/JPAM.16.4.06","12701; 14669; 76844","690938; 797192; 4063663","690979; 797231; 4063702"
123,"10.1007/s10531-022-02511-9","12749; 76300","693546; 4035129","693602; 4035185"
371,"10.15666/aeer/2101_735752","12924; 76573","703450; 4049426","703501; 4049477"
400,"10.15666/aeer/2101_753769","12925; 76604","703502; 4051060","703542; 4051100"
348,"10.1139/CJSS-2021-0208","12988; 76548","707032; 4048051","707076; 4048095"
157,"10.1002/ldr.70160","13024; 76338","708908; 4037190","708959; 4037241"
443,"10.1007/s11104-025-07799-4","13031; 76649","709267; 4053479","709316; 4053528"
232,"10.1007/s11104-025-07812-w","13033; 76424","709370; 4041686","709419; 4041735"
317,"10.1080/09593330.2025.2550674","13042; 76515","709783; 4046305","709827; 4046349"
321,"10.1007/s13580-025-00756-1","13059; 76519","710661; 4046524","710714; 4046577"
513,"10.1007/s10725-025-01383-7","13060; 76725","710715; 4057451","710765; 4057501"
159,"10.1007/s42823-025-00962-y","13062; 76340","710824; 4037301","710871; 4037348"
565,"10.1007/s41748-025-00760-6","13063; 76785","710872; 4060554","710920; 4060602"
547,"10.1007/s11104-025-07782-z","13065; 76764","710976; 4059406","711030; 4059460"
129,"10.1007/s11104-025-07794-9","13081; 76307","711884; 4035511","711943; 4035570"
557,"10.1111/cobi.70133","13090; 76774","712388; 4059960","712472; 4060044"
449,"10.1007/s11104-025-07802-y","13097; 76656","712798; 4053832","712837; 4053871"
416,"10.1007/s11104-025-07824-6","13098; 76621","712838; 4051958","712886; 4052006"
8,"10.1038/s41598-025-14953-6","13099; 13104","712887; 713127","712947; 713185"
357,"10.1007/s11104-025-07800-0","13112; 76558","713577; 4048580","713616; 4048619"
278,"10.1002/ldr.70155","13114; 76475","713663; 4044273","713707; 4044317"
224,"10.1002/ldr.70146","13132; 76416","714674; 4041280","714717; 4041323"
564,"10.1080/10256016.2025.2546139","13168; 76784","716557; 4060499","716611; 4060553"
511,"10.1007/s11104-025-07741-8","13170; 76722","716671; 4057302","716724; 4057355"
316,"10.1007/s11104-025-07795-8","13171; 76514","716725; 4046257","716772; 4046304"
450,"10.1002/ps.70135","13184; 76657","717375; 4053872","717428; 4053925"
343,"10.1007/s11104-025-07820-w","13191; 76543","717774; 4047739","717838; 4047803"
543,"10.1002/ldr.70144","13199; 76758","718245; 4059078","718313; 4059146"
295,"10.25252/SE/2025/253852","13204; 76492","718518; 4045119","718561; 4045162"
491,"10.1007/s11104-025-07804-w","13206; 76700","718603; 4056181","718643; 4056221"
397,"10.1007/s11104-025-07754-3","13207; 76600","718644; 4050843","718690; 4050889"
319,"10.1007/s11104-025-07750-7","13247; 76517","720700; 4046413","720759; 4046472"
150,"10.1002/ldr.70131","13248; 76331","720760; 4036818","720808; 4036866"
234,"10.22207/JPAM.19.3.17","13252; 76426","720959; 4041784","720996; 4041821"
508,"10.1007/s10811-025-03632-8","13259; 76718","721331; 4057097","721377; 4057143"
435,"10.1093/treephys/tpaf079","13289; 76640","722958; 4052940","723036; 4053018"
599,"10.1093/forestry/cpaf050","13290; 76822","723037; 4062511","723082; 4062556"
135,"10.1007/s11104-025-07762-3","13293; 76315","723187; 4035948","723242; 4036003"
510,"10.1007/s42770-025-01760-4","13297; 76721","723391; 4057259","723433; 4057301"
570,"10.1007/s11104-025-07757-0","13315; 76790","724314; 4060827","724365; 4060878"
383,"10.1007/s42976-025-00699-4","13334; 76586","725324; 4050076","725380; 4050132"
290,"10.1007/s11104-025-07778-9","13335; 76487","725381; 4044860","725425; 4044904"
308,"10.1017/S0376892925100131","13337; 76506","725477; 4045865","725520; 4045908"
307,"10.1093/jxb/eraf296","13354; 76505","726336; 4045795","726405; 4045864"
286,"10.1007/s11104-025-07722-x","13361; 76483","726714; 4044661","726775; 4044722"
402,"10.1080/15320383.2025.2540009","13362; 76606","726776; 4051165","726825; 4051214"
166,"10.1007/s11104-025-07769-w","13371; 76347","727264; 4037685","727329; 4037750"
358,"10.1007/s11104-025-07777-w","13385; 76559","728081; 4048620","728130; 4048669"
419,"10.1002/ldr.70115","13407; 76624","729187; 4052108","729244; 4052165"
465,"10.1002/ldr.70117","13408; 76672","729245; 4054696","729300; 4054751"
618,"10.1080/09670874.2025.2542765","13413; 76843","729494; 4063613","729543; 4063662"
635,"10.1080/03949370.2025.2511622","13424; 76867","730116; 4064878","730165; 4064927"
346,"10.1111/pce.70092","13425; 76546","730166; 4047929","730204; 4047967"
242,"10.1002/jpln.70010","13427; 76434","730244; 4042183","730302; 4042241"
629,"10.1094/PHYTO-02-25-0081-R","13436; 76861","730710; 4064546","730759; 4064595"
303,"10.1007/s11104-025-07748-1","13499; 76501","733997; 4045594","734046; 4045643"
118,"10.1007/s11104-025-07735-6","13501; 76295","734105; 4034809","734161; 4034865"
218,"10.1002/ldr.70104","13640; 76409","741516; 4040916","741568; 4040968"
257,"10.1002/ldr.70109","13641; 76451","741569; 4043102","741623; 4043156"
332,"10.1007/s11104-025-07732-9","13642; 76531","741624; 4047137","741672; 4047185"
379,"10.1111/1365-2435.70124","13657; 76582","742404; 4049871","742452; 4049919"
333,"10.1007/s11104-025-07746-3","13660; 76532","742575; 4047186","742628; 4047239"
291,"10.1007/s11104-025-07737-4","13662; 76488","742678; 4044905","742728; 4044955"
431,"10.1007/s10668-025-06578-6","13666; 76636","742897; 4052741","742938; 4052782"
426,"10.1002/ldr.70073","13679; 76631","743552; 4052433","743606; 4052487"
299,"10.1007/s11104-025-07725-8","13681; 76496","743666; 4045321","743716; 4045371"
116,"10.1007/s11104-025-07720-z","13716; 76293","745375; 4034712","745423; 4034760"
401,"10.1080/23818107.2025.2529890","13734; 76605","746298; 4051101","746361; 4051164"
216,"10.1007/s11368-025-04096-6","13739; 76407","746579; 4040808","746620; 4040849"
616,"10.1002/cbdv.202500656","13740; 76841","746621; 4063504","746668; 4063551"
638,"10.1111/ibi.13428","13779; 76870","748977; 4065023","749026; 4065072"
131,"10.1007/s11104-025-07727-6","13797; 76309","749917; 4035625","749967; 4035675"
439,"10.1007/s11368-025-04089-5","13801; 76644","750153; 4053159","750194; 4053200"
147,"10.1007/s11104-025-07687-x","13803; 76328","750259; 4036688","750302; 4036731"
417,"10.15244/pjoes/204422","13805; 76622","750375; 4052007","750424; 4052056"
647,"10.1002/ldr.70059","13817; 76881","750998; 4065577","751063; 4065642"
500,"10.1111/pbr.70010","13819; 76710","751118; 4056683","751167; 4056732"
625,"10.1080/07060661.2025.2523435","13831; 76857","751782; 4064324","751837; 4064379"
550,"10.1007/s10336-025-02312-1","13841; 76767","752309; 4059577","752361; 4059629"
482,"10.1093/aob/mcaf129","13843; 76691","752414; 4055732","752470; 4055788"
361,"10.1002/ldr.70068","13855; 76562","753048; 4048782","753098; 4048832"
305,"10.1007/s11104-025-07657-3","13907; 76503","755826; 4045708","755874; 4045756"
344,"10.1007/s11104-025-07701-2","13908; 76544","755875; 4047804","755930; 4047859"
329,"10.1002/ppp3.70068","13930; 76528","757071; 4046998","757122; 4047049"
119,"10.1093/biosci/biaf097","13932; 76296","757173; 4034866","757290; 4034983"
284,"10.1111/pce.70063","13940; 76481","757665; 4044550","757719; 4044604"
454,"10.1007/s11104-025-07679-x","13951; 76661","758267; 4054094","758323; 4054150"
269,"10.1002/ldr.70058","13953; 76465","758369; 4043771","758421; 4043823"
374,"10.1080/1065657X.2025.2532374","13971; 76576","759335; 4049577","759389; 4049631"
626,"10.1007/s11104-025-07674-2","13980; 76858","759770; 4064380","759823; 4064433"
394,"10.1007/s11104-025-07684-0","13983; 76597","759926; 4050672","759973; 4050719"
445,"10.1007/s11104-025-07697-9","13984; 76651","759974; 4053580","760035; 4053641"
122,"10.1007/s11104-025-07670-6","13989; 76299","760235; 4035079","760284; 4035128"
579,"10.1007/s40003-025-00870-7","13992; 76800","760379; 4061346","760425; 4061392"
378,"10.15666/aeer/2101_243259","14012; 76580","761472; 4049784","761507; 4049819"
637,"10.1080/03067319.2022.2139617","14336; 76869","778829; 4064973","778878; 4065022"
301,"10.1021/acs.jafc.2c05612","14401; 76499","782461; 4045489","782522; 4045550"
72,"10.1038/s41597-022-01717-4","14483; 76247","786968; 4032370","787009; 4032411"
340,"10.1017/S0266467422000384","14574; 76539","792022; 4047537","792088; 4047603"
65,"10.3897/BDJ.10.e82518","14672; 76240","797337; 4032036","797389; 4032088"
623,"10.1021/acs.jafc.2c03126","15003; 76852","815009; 4064096","815055; 4064142"
266,"10.1139/CJSS-2021-0106","15114; 76462","821115; 4043625","821156; 4043666"
390,"10.1139/cjm-2022-0102","15560; 76593","845882; 4050472","845929; 4050519"
611,"10.1021/acs.est.2c02207","15725; 76835","855081; 4063185","855142; 4063246"
535,"10.1139/cjm-2022-0093","15732; 76749","855491; 4058640","855538; 4058687"
10,"10.1016/j.envpol.2022.119363","15780; 17376","858122; 946051","858178; 946108"
258,"10.1017/S0266467422000323","16083; 76452","874683; 4043157","874731; 4043205"
522,"10.1139/cjfr-2022-0097","16101; 76734","875732; 4057906","875784; 4057958"
458,"10.1021/acs.jafc.2c01630","16117; 76665","876606; 4054303","876660; 4054357"
602,"10.1021/acsestwater.2c00098","16118; 76825","876661; 4062655","876713; 4062707"
62,"10.1016/j.dib.2022.108434","16150; 76237","878407; 4031910","878441; 4031944"
622,"10.1021/acs.est.2c01432","16492; 76851","897202; 4064026","897271; 4064095"
60,"10.1038/s41597-022-01420-4","16550; 76235","900481; 4031835","900520; 4031874"
97,"10.1016/j.dib.2022.108350","16620; 76272","904637; 4033586","904680; 4033629"
61,"10.1016/j.dib.2022.108207","17238; 76236","938684; 4031875","938718; 4031909"
85,"10.1016/j.dib.2022.108205","17385; 76260","946567; 4032988","946607; 4033028"
351,"10.1007/s11104-022-05444-y","17444; 76551","949961; 4048198","950027; 4048264"
596,"10.1111/1462-2920.15979","17582; 76818","957716; 4062308","957768; 4062360"
92,"10.1016/j.dib.2022.108106","17602; 76267","958764; 4033379","958799; 4033414"
77,"10.1016/j.dib.2022.108108","17620; 76252","959689; 4032616","959727; 4032654"
553,"10.1007/s11356-022-19394-6","18341; 76770","999283; 4059740","999332; 4059789"
604,"10.1007/s11356-022-19395-5","18352; 76828","999873; 4062792","999921; 4062840"
20,"10.3897/BDJ.10.e76968","18400; 76195","1002512; 4028085","1002573; 4028146"
41,"10.3897/BDJ.10.e73909","18444; 76216","1005070; 4030537","1005123; 4030590"
185,"10.1017/S1742170521000545","18500; 76369","1008138; 4038876","1008184; 4038922"
51,"10.1111/1440-1703.12293","18797; 76226","1024523; 4031101","1024697; 4031275"
90,"10.1016/j.dib.2022.107798","19105; 76265","1041587; 4033215","1041628; 4033256"
34,"10.1002/ecy.3580","19703; 76209","1072236; 4029232","1072739; 4029735"
49,"10.3897/BDJ.9.e71292","19807; 76224","1078420; 4030991","1078467; 4031038"
74,"10.1016/j.dib.2021.107636","20041; 76249","1091614; 4032459","1091649; 4032494"
25,"10.3897/BDJ.9.e75466","20071; 76200","1093244; 4028446","1093294; 4028496"
63,"10.3897/BDJ.9.e75586","20153; 76238","1097885; 4031945","1097930; 4031990"
26,"10.1016/j.dib.2021.107493","20470; 76201","1115249; 4028497","1115287; 4028535"
89,"10.1016/j.dib.2021.107443","20568; 76264","1120725; 4033174","1120765; 4033214"
297,"10.1007/s00248-021-01853-1","21116; 76494","1151142; 4045208","1151199; 4045265"
38,"10.1016/j.dib.2021.107284","21502; 76213","1172461; 4030382","1172494; 4030415"
578,"10.1080/03235408.2021.1968269","21529; 76799","1174015; 4061294","1174066; 4061345"
660,"10.1002/cft2.20109","22327; 76897","1218328; 4066411","1218360; 4066443"
98,"10.1093/gigascience/giab035","22895; 76273","1250238; 4033630","1250298; 4033690"
37,"10.1038/s41597-021-00912-z","22897; 76212","1250348; 4029827","1250902; 4030381"
456,"10.1007/s11104-025-07678-y","24011; 76663","1312516; 4054211","1312558; 4054253"
205,"10.1007/s11104-025-07241-9","24012; 76393","1312559; 4040113","1312611; 4040165"
330,"10.1007/s00709-025-02089-3","24037; 76529","1313868; 4047050","1313910; 4047092"
125,"10.1007/s42974-025-00253-6","24045; 76303","1314312; 4035284","1314360; 4035332"
453,"10.1007/s11104-025-07664-4","24050; 76660","1314619; 4054044","1314668; 4054093"
211,"10.1007/s11104-025-07692-0","24051; 76400","1314669; 4040467","1314718; 4040516"
236,"10.1002/ldr.70063","24059; 76428","1315053; 4041883","1315093; 4041923"
281,"10.1007/s11104-025-07680-4","24065; 76478","1315360; 4044408","1315409; 4044457"
245,"10.1007/s42974-025-00260-7","24087; 76437","1316559; 4042345","1316597; 4042383"
137,"10.1007/s11104-025-07677-z","24089; 76317","1316648; 4036118","1316713; 4036183"
206,"10.15244/pjoes/205066","24092; 76394","1316805; 4040166","1316850; 4040211"
475,"10.1007/s12033-025-01463-z","24107; 76684","1317561; 4055315","1317611; 4055365"
117,"10.1007/s11104-025-07672-4","24133; 76294","1318887; 4034761","1318934; 4034808"
200,"10.1002/ppp3.70065","24134; 76387","1318935; 4039813","1318980; 4039858"
668,"10.1007/s00338-025-02706-w","24195; 76907","1322176; 4066902","1322225; 4066951"
365,"10.1111/pce.70019","24200; 76567","1322441; 4049080","1322509; 4049148"
320,"10.1007/s11104-025-07665-3","24282; 76518","1326719; 4046473","1326769; 4046523"
312,"10.15244/pjoes/203357","24287; 76510","1327020; 4046068","1327070; 4046118"
191,"10.1007/s11104-025-07656-4","24300; 76376","1327690; 4039230","1327747; 4039287"
251,"10.1007/s11104-025-07573-6","24310; 76443","1328190; 4042709","1328239; 4042758"
170,"10.1093/cz/zoaf025","24339; 76352","1329776; 4037984","1329827; 4038035"
663,"10.1111/pce.70004","24358; 76900","1330735; 4066535","1330797; 4066597"
568,"10.1007/s11104-025-07643-9","24365; 76788","1331131; 4060715","1331186; 4060770"
488,"10.1007/s11104-025-07631-z","24386; 76697","1332194; 4056025","1332249; 4056080"
654,"10.1007/s11427-024-2853-x","24387; 76889","1332250; 4065984","1332298; 4066032"
542,"10.1007/s11104-025-07630-0","24393; 76757","1332569; 4059023","1332623; 4059077"
437,"10.1111/icad.12852","24394; 76642","1332624; 4053065","1332674; 4053115"
505,"10.1007/s11104-025-07628-8","24409; 76715","1333346; 4056940","1333402; 4056996"
164,"10.1007/s11104-025-07600-6","24410; 76345","1333403; 4037549","1333456; 4037602"
172,"10.1007/s11104-025-07622-0","24411; 76354","1333457; 4038085","1333499; 4038127"
592,"10.1007/s40831-025-01143-x","24424; 76814","1334125; 4062057","1334183; 4062115"
464,"10.1007/s00374-025-01927-z","24426; 76671","1334221; 4054632","1334284; 4054695"
160,"10.1007/s11104-025-07603-3","24466; 76341","1336289; 4037349","1336342; 4037402"
404,"10.1007/s11104-025-07626-w","24484; 76608","1337214; 4051269","1337255; 4051310"
395,"10.1093/aob/mcaf033","24491; 76598","1337574; 4050720","1337643; 4050789"
112,"10.1007/s11104-025-07616-y","24503; 76287","1338228; 4034396","1338277; 4034445"
186,"10.1007/s11104-025-07606-0","24504; 76370","1338278; 4038923","1338338; 4038983"
158,"10.1007/s11104-025-07604-2","24511; 76339","1338658; 4037242","1338716; 4037300"
403,"10.1007/s11104-025-07607-z","24535; 76607","1339844; 4051215","1339897; 4051268"
311,"10.1007/s11104-025-07605-1","24538; 76509","1340005; 4046016","1340056; 4046067"
487,"10.1007/s11104-025-07601-5","24539; 76696","1340057; 4055976","1340105; 4056024"
337,"10.1007/s11104-025-07595-0","24549; 76536","1340524; 4047392","1340583; 4047451"
650,"10.1007/s40009-025-01685-4","24559; 76885","1341085; 4065790","1341131; 4065836"
434,"10.1007/s11104-025-07572-7","24560; 76639","1341132; 4052885","1341186; 4052939"
531,"10.1007/s00040-025-01042-0","24571; 76745","1341720; 4058435","1341769; 4058484"
235,"10.1007/s42965-025-00389-6","24577; 76427","1342043; 4041822","1342103; 4041882"
50,"10.1016/j.dib.2025.111646","24652; 76225","1346111; 4031039","1346172; 4031100"
504,"10.1111/rec.70098","24673; 76714","1347274; 4056881","1347332; 4056939"
671,"10.1007/s13369-025-10302-x","24788; 76910","1353233; 4067065","1353263; 4067095"
571,"10.1007/s11104-025-07580-7","24797; 76791","1353690; 4060879","1353736; 4060925"
499,"10.1007/s11104-025-07581-6","24812; 76708","1354413; 4056584","1354459; 4056630"
372,"10.1007/s11104-025-07574-5","24826; 76574","1355134; 4049478","1355183; 4049527"
315,"10.1007/s12649-025-02998-7","24827; 76513","1355184; 4046209","1355231; 4046256"
634,"10.1111/1755-0998.14122","24871; 76866","1357532; 4064814","1357595; 4064877"
673,"10.22207/JPAM.19.2.30","24877; 76912","1357842; 4067144","1357896; 4067198"
613,"10.1007/s11104-025-07562-9","24884; 76838","1358247; 4063363","1358299; 4063415"
447,"10.1002/gj.5199","24936; 76653","1360878; 4053681","1360930; 4053733"
59,"10.3897/BDJ.13.e151722","24939; 76234","1361045; 4031792","1361087; 4031834"
536,"10.1007/s11104-025-07536-x","24950; 76750","1361663; 4058688","1361711; 4058736"
341,"10.1017/S0954102025000094","24980; 76541","1363241; 4047645","1363288; 4047692"
21,"10.1186/s13104-021-05468-0","25525; 76196","1393577; 4028147","1393675; 4028245"
22,"10.1038/s41597-020-00738-1","27256; 76197","1486375; 4028246","1486426; 4028297"
619,"10.1080/09583157.2020.1846160","27313; 76848","1489580; 4063870","1489633; 4063923"
55,"10.3897/BDJ.8.e58951","27606; 76230","1505567; 4031618","1505614; 4031665"
68,"10.1016/j.dib.2020.106288","27855; 76243","1519424; 4032208","1519462; 4032246"
78,"10.1186/s13104-020-05247-3","28258; 76253","1541677; 4032655","1541714; 4032692"
40,"10.1016/j.dib.2020.105718","28707; 76215","1566196; 4030491","1566241; 4030536"
30,"10.1016/j.dib.2020.105663","28708; 76205","1566242; 4029056","1566297; 4029111"
80,"10.1016/j.dib.2020.106143","28784; 76255","1570340; 4032728","1570394; 4032782"
75,"10.1038/s41597-020-0567-7","29005; 76250","1582283; 4032495","1582362; 4032574"
57,"10.1016/j.dib.2020.105467","29522; 76232","1610613; 4031699","1610662; 4031748"
83,"10.1016/j.dib.2020.105625","29523; 76258","1610663; 4032899","1610713; 4032949"
84,"10.1016/j.dib.2020.105542","29525; 76259","1610768; 4032950","1610805; 4032987"
79,"10.1016/j.dib.2020.105112","30304; 76254","1653490; 4032693","1653524; 4032727"
19,"10.1016/j.dib.2020.105263","30348; 76194","1655839; 4028033","1655890; 4028084"
52,"10.1038/s41597-020-0437-3","30453; 76227","1661654; 4031276","1661901; 4031523"
31,"10.1038/s41597-020-0422-x","30550; 76206","1667258; 4029112","1667298; 4029152"
43,"10.1038/s41597-020-0375-0","30992; 76218","1691478; 4030632","1691532; 4030686"
69,"10.1016/j.dib.2019.104916","31031; 76244","1693653; 4032247","1693688; 4032282"
94,"10.1016/j.dib.2019.104802","31032; 76269","1693689; 4033457","1693726; 4033494"
24,"10.1016/j.dib.2019.104973","31033; 76199","1693727; 4028403","1693769; 4028445"
86,"10.1016/j.dib.2019.104919","31034; 76261","1693770; 4033029","1693810; 4033069"
58,"10.1016/j.dib.2019.104658","32192; 76233","1755188; 4031749","1755230; 4031791"
45,"10.1016/j.dib.2019.104575","32193; 76220","1755231; 4030738","1755270; 4030777"
88,"10.1016/j.dib.2019.104574","32194; 76263","1755271; 4033126","1755318; 4033173"
87,"10.1038/s41597-019-0222-3","32924; 76262","1795497; 4033070","1795552; 4033125"
82,"10.1038/s41597-019-0218-z","32925; 76257","1795553; 4032833","1795618; 4032898"
29,"10.1016/j.dib.2019.104434","33051; 76204","1802310; 4029012","1802353; 4029055"
76,"10.1016/j.dib.2019.104396","33052; 76251","1802354; 4032575","1802394; 4032615"
53,"10.3897/BDJ.7.e35332","33340; 76228","1818777; 4031524","1818832; 4031579"
42,"10.1016/j.dib.2019.103982","33724; 76217","1840099; 4030591","1840139; 4030631"
67,"10.1016/j.dib.2019.104045","33725; 76242","1840140; 4032169","1840178; 4032207"
66,"10.1038/s41597-019-0141-3","33953; 76241","1852547; 4032089","1852626; 4032168"
410,"10.1080/10889868.2025.2504148","35055; 76614","1913319; 4051581","1913365; 4051627"
630,"10.2174/0109298673367163250417065816","35076; 76862","1914372; 4064596","1914431; 4064655"
509,"10.1111/1755-0998.14118","35238; 76719","1923011; 4057144","1923079; 4057212"
352,"10.1007/s00374-025-01919-z","35242; 76552","1923236; 4048265","1923281; 4048310"
209,"10.1007/s11104-025-07485-5","35244; 76398","1923340; 4040353","1923388; 4040401"
354,"10.1111/rec.70078","35261; 76554","1924258; 4048370","1924312; 4048424"
233,"10.1007/s11104-025-07486-4","35311; 76425","1926972; 4041736","1927019; 4041783"
560,"10.1111/mec.17769","35351; 76779","1929134; 4060252","1929206; 4060324"
296,"10.1007/s00374-025-01916-2","35413; 76493","1932412; 4045163","1932456; 4045207"
171,"10.1007/s10668-025-06204-5","35451; 76353","1934482; 4038036","1934530; 4038084"
213,"10.1007/s11104-025-07441-3","35498; 76404","1936987; 4040666","1937043; 4040722"
463,"10.1007/s11104-025-07445-z","35499; 76670","1937044; 4054572","1937103; 4054631"
584,"10.1007/s11104-025-07451-1","35525; 76805","1938482; 4061585","1938538; 4061641"
566,"10.1007/s11104-025-07415-5","35667; 76786","1946005; 4060603","1946054; 4060652"
481,"10.1007/s12033-025-01425-5","35672; 76690","1946279; 4055684","1946326; 4055731"
181,"10.1007/s00374-025-01913-5","35851; 76365","1956076; 4038661","1956131; 4038716"
484,"10.1007/s12223-025-01257-5","35852; 76693","1956132; 4055825","1956185; 4055878"
407,"10.1111/1749-4877.12970","35938; 76611","1960784; 4051405","1960838; 4051459"
274,"10.1007/s11104-025-07391-w","35947; 76471","1961263; 4044070","1961315; 4044122"
283,"10.1007/s11104-025-07396-5","35969; 76480","1962517; 4044505","1962561; 4044549"
56,"10.1016/j.dib.2019.103790","36115; 76231","1970596; 4031666","1970628; 4031698"
71,"10.1038/sdata.2019.8","36764; 76246","2006007; 4032326","2006050; 4032369"
54,"10.1016/j.dib.2018.12.028","36861; 76229","2011252; 4031580","2011289; 4031617"
35,"10.1002/ecy.2374","39081; 76210","2131952; 4029736","2131999; 4029783"
96,"10.1002/ecy.2167","40000; 76271","2182999; 4033540","2183044; 4033585"
28,"10.1038/sdata.2017.92","42515; 76203","2320200; 4028968","2320243; 4029011"
101,"10.5194/essd-9-445-2017","42523; 76276","2320603; 4033767","2320656; 4033820"
81,"Plant parasitic nematode survival and detection to inform biosecurity risk assessment|2017","42748; 76256","2333052; 4032783","2333101; 4032832"
47,"10.1038/sdata.2016.84","45138; 76222","2461733; 4030815","2461772; 4030854"
384,"10.1080/01431161.2025.2464958","46005; 76587","2507963; 4050133","2508030; 4050200"
366,"10.1007/s11104-025-07368-9","46008; 76568","2508145; 4049149","2508194; 4049198"
15,"10.15666/aeer/2303_41674181","46063; 57599; 76871","2511086; 3119211; 4065073","2511134; 3119260; 4065121"
287,"10.15244/pjoes/200219","46085; 76484","2512279; 4044723","2512319; 4044763"
641,"10.1111/azo.12543","46288; 76874","2523072; 4065213","2523121; 4065262"
227,"10.1007/s11104-025-07320-x","46348; 76419","2526309; 4041422","2526357; 4041470"
310,"10.1017/S0021859625000097","46539; 76508","2536646; 4045956","2536705; 4046015"
130,"10.1007/s11104-024-07005-x","46708; 76308","2546119; 4035571","2546172; 4035624"
188,"10.1007/s11104-025-07281-1","46720; 76372","2546743; 4039023","2546793; 4039073"
468,"10.1007/s11104-025-07285-x","46741; 76675","2547813; 4054856","2547866; 4054909"
621,"10.1111/pce.15429","46754; 76850","2548550; 4063977","2548598; 4064025"
359,"10.1007/s11104-025-07268-y","46773; 76560","2549573; 4048670","2549627; 4048724"
364,"10.1007/s12033-025-01367-y","46850; 76565","2553690; 4048934","2553737; 4048981"
347,"10.1093/biosci/biae140","46911; 76547","2557009; 4047968","2557091; 4048050"
48,"10.1038/sdata.2016.28","47106; 76223","2567894; 4030855","2568029; 4030990"
582,"10.15244/pjoes/195692","57123; 76803","3093733; 4061483","3093777; 4061527"
422,"10.1080/00224561.2024.2435683","57144; 76627","3094817; 4052247","3094864; 4052294"
13,"10.15244/pjoes/193907","57158; 57492; 76884","3095575; 3113550; 4065739","3095625; 3113602; 4065789"
598,"10.15244/pjoes/195365","57159; 76820","3095626; 4062411","3095668; 4062453"
14,"10.15244/pjoes/193914","57191; 57494; 76373","3097364; 3113651; 4039074","3097413; 3113703; 4039123"
586,"10.1007/s11104-025-07212-0","57215; 76808","3098630; 4061752","3098676; 4061798"
388,"10.1007/s11104-024-07127-2","57298; 76591","3103063; 4050355","3103116; 4050408"
478,"10.1002/ppp3.10634","57318; 76687","3104153; 4055469","3104205; 4055521"
189,"10.1111/pce.15384","57328; 76374","3104698; 4039124","3104740; 4039166"
545,"10.1111/1749-4877.12946","57357; 76761","3106275; 4059243","3106331; 4059299"
17,"10.15244/pjoes/193585","57493; 68951; 76845","3113603; 3691543; 4063703","3113650; 3691588; 4063748"
16,"10.15666/aeer/2301_15891604","57740; 68177; 76821","3126254; 3650453; 4062454","3126314; 3650509; 4062510"
309,"10.15666/aeer/2302_29873004","68037; 76507","3642961; 4045909","3643007; 4045955"
180,"10.1007/s10668-024-05811-y","68101; 76362","3646385; 4038506","3646431; 4038552"
425,"10.1111/njb.04438","68138; 76630","3648336; 4052389","3648379; 4052432"
114,"10.1007/s11104-024-07097-5","68229; 76290","3653280; 4034566","3653336; 4034622"
328,"10.1007/s11104-024-07061-3","68274; 76526","3655657; 4046901","3655709; 4046953"
492,"10.1094/PBIOMES-03-24-0034-R","68756; 76701","3681115; 4056222","3681179; 4056286"
36,"10.1016/j.dib.2024.111098","68813; 76211","3684170; 4029784","3684212; 4029826"
155,"10.1007/s10668-024-05589-z","68964; 76336","3692243; 4037073","3692285; 4037115"
558,"10.1080/15715124.2024.2416030","74467; 76777","3934608; 4060135","3934651; 4060178"
501,"10.1007/s12088-024-01412-5","74534; 76711","3938227; 4056733","3938268; 4056774"
683,"10.1080/14614103.2024.2415725","74587; 76924","3941118; 4067826","3941165; 4067873"
412,"10.1007/s11104-024-06990-3","74650; 76616","3944763; 4051690","3944813; 4051740"
597,"10.1007/s11368-024-03916-5","74671; 76819","3945943; 4062361","3945992; 4062410"
398,"10.1007/s11104-024-06980-5","74699; 76601","3947485; 4050890","3947533; 4050938"
526,"10.1007/s12088-024-01382-8","74756; 76740","3950569; 4058209","3950603; 4058243"
413,"10.1007/s11104-024-06988-x","74771; 76617","3951335; 4051741","3951378; 4051784"
174,"10.1007/s42729-024-02026-y","74939; 76356","3959997; 4038182","3960047; 4038232"
479,"10.1007/s10668-024-05422-7","74971; 76688","3961690; 4055522","3961744; 4055576"
144,"10.1007/s11104-024-06940-z","75198; 76325","3974063; 4036536","3974111; 4036584"
485,"10.1017/S0954102024000166","75249; 76694","3976766; 4055879","3976813; 4055926"
627,"10.22207/JPAM.18.3.49","75532; 76859","3991588; 4064434","3991641; 4064487"
